Date,Adj Close,Close,High,Low,Open,Volume
2022-07-12,79.47779846191406,79.47779846191406,79.86029815673828,79.38849639892578,79.47779846191406,0
2022-07-13,79.47640228271484,79.47640228271484,80.05950164794922,79.42500305175781,79.47640228271484,0
2022-07-14,79.80750274658203,79.80750274658203,80.21869659423828,79.59809875488281,79.80750274658203,0
2022-07-15,79.87830352783203,79.87830352783203,80.0895004272461,79.70800018310547,79.87830352783203,0
2022-07-18,79.72049713134766,79.72049713134766,80.25599670410156,79.71369934082031,79.72049713134766,0
2022-07-19,80.0302963256836,80.0302963256836,80.14849853515625,79.85260009765625,80.0302963256836,0
2022-07-20,79.85590362548828,79.85590362548828,80.11849975585938,79.85590362548828,79.85590362548828,0
2022-07-21,80.00340270996094,80.00340270996094,80.27100372314453,79.76100158691406,80.00340270996094,0
2022-07-22,79.7759017944336,79.7759017944336,80.07649993896484,79.779296875,79.7759017944336,0
2022-07-25,79.87680053710938,79.87680053710938,80.1447982788086,79.68609619140625,79.87680053710938,0
2022-07-26,79.72250366210938,79.72250366210938,79.84220123291016,79.70249938964844,79.72250366210938,0
2022-07-27,79.84120178222656,79.84120178222656,80.07080078125,79.74749755859375,79.84120178222656,0
2022-07-28,79.84739685058594,79.84739685058594,80.05729675292969,79.59739685058594,79.84739685058594,0
2022-07-29,79.57150268554688,79.57150268554688,79.65650177001953,79.17369842529297,79.57150268554688,0
2022-08-01,79.1948013305664,79.1948013305664,79.42980194091797,78.89939880371094,79.1948013305664,0
2022-08-02,78.95570373535156,78.95570373535156,79.16999816894531,77.77429962158203,78.95570373535156,0
2022-08-03,78.60449981689453,78.60449981689453,79.20330047607422,78.56800079345703,78.60449981689453,0
2022-08-04,79.11830139160156,79.11830139160156,79.80000305175781,79.00849914550781,79.11830139160156,0
2022-08-05,79.15489959716797,79.15489959716797,79.49199676513672,78.91850280761719,79.15489959716797,0
2022-08-08,79.41059875488281,79.41059875488281,79.75700378417969,79.31300354003906,79.41059875488281,0
2022-08-09,79.60189819335938,79.60189819335938,79.814697265625,79.44210052490234,79.60189819335938,0
2022-08-10,79.57839965820312,79.57839965820312,79.75450134277344,79.00700378417969,79.57839965820312,0
2022-08-11,79.0978012084961,79.0978012084961,79.79229736328125,79.04949951171875,79.0978012084961,0
2022-08-12,79.61399841308594,79.61399841308594,79.93699645996094,79.55599975585938,79.61399841308594,0
2022-08-15,79.62760162353516,79.62760162353516,79.72850036621094,79.4708023071289,79.62760162353516,0
2022-08-16,79.55290222167969,79.55290222167969,79.77999877929688,79.26100158691406,79.55290222167969,0
2022-08-17,79.14600372314453,79.14600372314453,79.68509674072266,79.14600372314453,79.14600372314453,0
2022-08-18,79.35970306396484,79.35970306396484,79.86250305175781,79.33650207519531,79.35970306396484,0
2022-08-19,79.7667007446289,79.7667007446289,80.11250305175781,79.65709686279297,79.7667007446289,0
2022-08-22,79.91790008544922,79.91790008544922,80.15480041503906,79.76200103759766,79.91790008544922,0
2022-08-23,79.88379669189453,79.88379669189453,80.0979995727539,79.50299835205078,79.88379669189453,0
2022-08-24,79.85449981689453,79.85449981689453,80.08499908447266,79.69889831542969,79.85449981689453,0
2022-08-25,79.79679870605469,79.79679870605469,80.02629852294922,79.73739624023438,79.79679870605469,0
2022-08-26,79.88289642333984,79.88289642333984,80.13349914550781,79.71600341796875,79.88289642333984,0
2022-08-29,79.95909881591797,79.95909881591797,80.12950134277344,79.87339782714844,79.95909881591797,0
2022-08-30,79.96790313720703,79.96790313720703,80.16079711914062,79.43250274658203,79.96790313720703,0
2022-08-31,79.68229675292969,79.68229675292969,79.7437973022461,79.35299682617188,79.68229675292969,0
2022-09-01,79.54879760742188,79.54879760742188,79.83499908447266,79.27950286865234,79.54879760742188,0
2022-09-02,79.716796875,79.716796875,80.09149932861328,79.58650207519531,79.716796875,0
2022-09-05,79.72450256347656,79.72450256347656,80.02549743652344,79.6552963256836,79.72450256347656,0
2022-09-06,79.78299713134766,79.78299713134766,79.96800231933594,79.70999908447266,79.78299713134766,0
2022-09-07,79.89510345458984,79.89510345458984,80.14199829101562,79.79650115966797,79.89510345458984,0
2022-09-08,79.6498031616211,79.6498031616211,79.94599914550781,79.63629913330078,79.6498031616211,0
2022-09-09,79.706298828125,79.706298828125,79.93779754638672,79.4540023803711,79.706298828125,0
2022-09-12,79.65579986572266,79.65579986572266,79.74199676513672,79.32499694824219,79.65579986572266,0
2022-09-13,79.35530090332031,79.35530090332031,79.59049987792969,79.02300262451172,79.35530090332031,0
2022-09-14,79.60240173339844,79.60240173339844,79.80500030517578,79.38359832763672,79.60240173339844,0
2022-09-15,79.45369720458984,79.45369720458984,80.01629638671875,79.43160247802734,79.45369720458984,0
2022-09-16,79.8490982055664,79.8490982055664,80.01329803466797,79.09860229492188,79.8490982055664,0
2022-09-19,79.68949890136719,79.68949890136719,79.95780181884766,79.58529663085938,79.68949890136719,0
2022-09-20,79.7074966430664,79.7074966430664,79.99250030517578,79.57649993896484,79.7074966430664,0
2022-09-21,79.76270294189453,79.76270294189453,80.15599822998047,79.76249694824219,79.76270294189453,0
2022-09-22,80.05069732666016,80.05069732666016,81.11160278320312,79.92900085449219,80.05069732666016,0
2022-09-23,81.06220245361328,81.06220245361328,81.33809661865234,80.78479766845703,81.06220245361328,0
2022-09-26,81.25479888916016,81.25479888916016,81.71749877929688,80.73300170898438,81.25479888916016,0
2022-09-27,81.61579895019531,81.61579895019531,81.86100006103516,81.28630065917969,81.61579895019531,0
2022-09-28,81.72460174560547,81.72460174560547,82.11299896240234,81.49610137939453,81.72460174560547,0
2022-09-29,81.42870330810547,81.42870330810547,82.05549621582031,81.40750122070312,81.42870330810547,0
2022-09-30,81.48059844970703,81.48059844970703,81.69760131835938,81.09980010986328,81.48059844970703,0
2022-10-03,81.52130126953125,81.52130126953125,82.06199645996094,81.41130065917969,81.52130126953125,0
2022-10-04,81.49500274658203,81.49500274658203,81.85600280761719,81.27259826660156,81.49500274658203,0
2022-10-05,81.46549987792969,81.46549987792969,81.82679748535156,81.26599884033203,81.46549987792969,0
2022-10-06,81.6488037109375,81.6488037109375,82.48149871826172,81.43800354003906,81.6488037109375,0
2022-10-07,82.3489990234375,82.3489990234375,82.62629699707031,82.04499816894531,82.3489990234375,0
2022-10-10,82.8322982788086,82.8322982788086,83.06430053710938,82.25849914550781,82.8322982788086,0
2022-10-11,82.42070007324219,82.42070007324219,82.75,82.13849639892578,82.42070007324219,0
2022-10-12,82.2739028930664,82.2739028930664,82.61650085449219,82.15460205078125,82.2739028930664,0
2022-10-13,82.19999694824219,82.19999694824219,82.88700103759766,82.12000274658203,82.19999694824219,0
2022-10-14,82.19210052490234,82.19210052490234,82.60549926757812,82.1240005493164,82.19210052490234,0
2022-10-17,82.41280364990234,82.41280364990234,82.64700317382812,82.10600280761719,82.41280364990234,0
2022-10-18,82.1947021484375,82.1947021484375,82.67949676513672,82.01180267333984,82.1947021484375,0
2022-10-19,82.2863998413086,82.2863998413086,83.38600158691406,82.17250061035156,82.2863998413086,0
2022-10-20,82.99700164794922,82.99700164794922,83.32499694824219,82.5469970703125,82.99700164794922,0
2022-10-21,82.82569885253906,82.82569885253906,83.22000122070312,82.56230163574219,82.82569885253906,0
2022-10-24,82.54129791259766,82.54129791259766,83.06890106201172,82.54129791259766,82.54129791259766,0
2022-10-25,82.7614974975586,82.7614974975586,83.13749694824219,82.43000030517578,82.7614974975586,0
2022-10-26,82.44529724121094,82.44529724121094,82.55059814453125,81.92420196533203,82.44529724121094,0
2022-10-27,82.04959869384766,82.04959869384766,82.70649719238281,81.92829895019531,82.04959869384766,0
2022-10-28,82.44249725341797,82.44249725341797,82.78130340576172,82.27799987792969,82.44249725341797,0
2022-10-31,82.23919677734375,82.23919677734375,83.12300109863281,82.19300079345703,82.23919677734375,0
2022-11-01,82.72899627685547,82.72899627685547,83.07080078125,82.50350189208984,82.72899627685547,0
2022-11-02,82.68450164794922,82.68450164794922,83.0270004272461,82.59130096435547,82.68450164794922,0
2022-11-03,82.88839721679688,82.88839721679688,82.99629974365234,82.6688003540039,82.88839721679688,0
2022-11-04,82.68180084228516,82.68180084228516,82.9917984008789,82.0020980834961,82.68180084228516,0
2022-11-07,81.9749984741211,81.9749984741211,82.3718032836914,81.7925033569336,81.9749984741211,0
2022-11-08,81.82599639892578,81.82599639892578,82.08180236816406,81.17289733886719,81.82599639892578,0
2022-11-09,81.40519714355469,81.40519714355469,81.6697998046875,81.19029998779297,81.40519714355469,0
2022-11-10,81.34380340576172,81.34380340576172,81.91000366210938,80.72709655761719,81.34380340576172,0
2022-11-11,80.48290252685547,80.48290252685547,80.98300170898438,80.42379760742188,80.48290252685547,0
2022-11-14,80.49700164794922,80.49700164794922,81.28739929199219,80.37310028076172,80.49700164794922,0
2022-11-15,80.99199676513672,80.99199676513672,81.43800354003906,80.71299743652344,80.99199676513672,0
2022-11-16,81.07140350341797,81.07140350341797,81.53800201416016,81.07140350341797,81.07140350341797,0
2022-11-17,81.49530029296875,81.49530029296875,81.8499984741211,81.34629821777344,81.49530029296875,0
2022-11-18,81.52490234375,81.52490234375,81.78829956054688,81.49250030517578,81.52490234375,0
2022-11-21,81.5198974609375,81.5198974609375,81.9301986694336,81.53959655761719,81.5198974609375,0
2022-11-22,81.72769927978516,81.72769927978516,81.99479675292969,81.60340118408203,81.72769927978516,0
2022-11-23,81.71499633789062,81.71499633789062,81.91500091552734,81.68309783935547,81.71499633789062,0
2022-11-24,81.63289642333984,81.63289642333984,81.87000274658203,81.57949829101562,81.63289642333984,0
2022-11-25,81.65540313720703,81.65540313720703,81.85179901123047,81.41449737548828,81.65540313720703,0
2022-11-28,81.6697006225586,81.6697006225586,81.9219970703125,81.52400207519531,81.6697006225586,0
2022-11-29,81.65029907226562,81.65029907226562,81.76399993896484,81.489501953125,81.65029907226562,0
2022-11-30,81.63089752197266,81.63089752197266,81.79029846191406,81.28009796142578,81.63089752197266,0
2022-12-01,81.3052978515625,81.3052978515625,81.37129974365234,80.99299621582031,81.3052978515625,0
2022-12-02,81.16220092773438,81.16220092773438,81.61499786376953,81.08200073242188,81.16220092773438,0
2022-12-05,81.42250061035156,81.42250061035156,81.8949966430664,81.19349670410156,81.42250061035156,0
2022-12-06,81.89900207519531,81.89900207519531,82.6001968383789,81.69149780273438,81.89900207519531,0
2022-12-07,82.37220001220703,82.37220001220703,82.7385025024414,82.20459747314453,82.37220001220703,0
2022-12-08,82.25350189208984,82.25350189208984,82.53880310058594,82.23699951171875,82.25350189208984,0
2022-12-09,82.2791976928711,82.2791976928711,82.50830078125,82.0739974975586,82.2791976928711,0
2022-12-12,82.41300201416016,82.41300201416016,82.72350311279297,82.36399841308594,82.41300201416016,0
2022-12-13,82.64469909667969,82.64469909667969,82.91190338134766,82.36540222167969,82.64469909667969,0
2022-12-14,82.40249633789062,82.40249633789062,82.70600128173828,82.40180206298828,82.40249633789062,0
2022-12-15,82.50800323486328,82.50800323486328,83.03589630126953,82.41410064697266,82.50800323486328,0
2022-12-16,82.85790252685547,82.85790252685547,83.0,82.59149932861328,82.85790252685547,0
2022-12-19,82.72599792480469,82.72599792480469,82.91850280761719,82.55799865722656,82.72599792480469,0
2022-12-20,82.58190155029297,82.58190155029297,82.88300323486328,82.54350280761719,82.58190155029297,0
2022-12-21,82.63690185546875,82.63690185546875,82.9561996459961,82.54949951171875,82.63690185546875,0
2022-12-22,82.87860107421875,82.87860107421875,82.98829650878906,82.64299774169922,82.87860107421875,0
2022-12-23,82.8749008178711,82.8749008178711,82.98480224609375,82.71600341796875,82.8749008178711,0
2022-12-26,82.6041030883789,82.6041030883789,82.87740325927734,81.716796875,82.6041030883789,0
2022-12-27,82.90290069580078,82.90290069580078,82.91290283203125,82.62999725341797,82.90290069580078,0
2022-12-28,82.7761001586914,82.7761001586914,82.91799926757812,82.69090270996094,82.7761001586914,0
2022-12-29,82.85199737548828,82.85199737548828,82.90119934082031,82.74099731445312,82.85199737548828,0
2022-12-30,82.83509826660156,82.83509826660156,82.8364028930664,82.55470275878906,82.83509826660156,0
2023-01-02,82.74980163574219,82.74980163574219,82.79119873046875,82.42620086669922,82.74980163574219,0
2023-01-03,82.70600128173828,82.70600128173828,83.03099822998047,82.60099792480469,82.70600128173828,0
2023-01-04,82.78569793701172,82.78569793701172,83.00330352783203,82.69599914550781,82.78569793701172,0
2023-01-05,82.66649627685547,82.66649627685547,82.79499816894531,82.42880249023438,82.66649627685547,0
2023-01-06,82.64520263671875,82.64520263671875,82.77629852294922,82.28109741210938,82.64520263671875,0
2023-01-09,82.27339935302734,82.27339935302734,82.43150329589844,82.05500030517578,82.27339935302734,0
2023-01-10,82.18009948730469,82.18009948730469,82.5291976928711,81.58450317382812,82.18009948730469,0
2023-01-11,81.63739776611328,81.63739776611328,81.81629943847656,81.49859619140625,81.63739776611328,0
2023-01-12,81.63179779052734,81.63179779052734,81.73799896240234,81.189697265625,81.63179779052734,0
2023-01-13,81.1156005859375,81.1156005859375,81.52410125732422,81.09249877929688,81.1156005859375,0
2023-01-16,81.27799987792969,81.27799987792969,81.73609924316406,81.12950134277344,81.27799987792969,0
2023-01-17,81.65260314941406,81.65260314941406,81.8740005493164,81.54199981689453,81.65260314941406,0
2023-01-18,81.52549743652344,81.52549743652344,81.81700134277344,81.15550231933594,81.52549743652344,0
2023-01-19,81.43599700927734,81.43599700927734,81.5593032836914,81.22579956054688,81.43599700927734,0
2023-01-20,81.23979949951172,81.23979949951172,81.36229705810547,80.97270202636719,81.23979949951172,0
2023-01-23,80.97599792480469,80.97599792480469,81.489501953125,80.87850189208984,80.97599792480469,0
2023-01-24,81.48799896240234,81.48799896240234,81.73829650878906,81.37750244140625,81.48799896240234,0
2023-01-25,81.60189819335938,81.60189819335938,81.76599884033203,81.47019958496094,81.60189819335938,0
2023-01-26,81.50270080566406,81.50270080566406,81.57050323486328,81.3552017211914,81.50270080566406,0
2023-01-27,81.44509887695312,81.44509887695312,81.66840362548828,81.42350006103516,81.44509887695312,0
2023-01-30,81.50800323486328,81.50800323486328,81.7177963256836,81.46399688720703,81.50800323486328,0
2023-01-31,81.57990264892578,81.57990264892578,82.05909729003906,81.53700256347656,81.57990264892578,0
2023-02-01,81.76840209960938,81.76840209960938,82.00800323486328,81.67030334472656,81.76840209960938,0
2023-02-02,81.71029663085938,81.71029663085938,82.268798828125,81.63300323486328,81.71029663085938,0
2023-02-03,82.0458984375,82.0458984375,82.31600189208984,81.78009796142578,82.0458984375,0
2023-02-06,82.22599792480469,82.22599792480469,82.84420013427734,82.2332992553711,82.22599792480469,0
2023-02-07,82.75499725341797,82.75499725341797,82.90129852294922,82.61150360107422,82.75499725341797,0
2023-02-08,82.74189758300781,82.74189758300781,82.88179779052734,82.48699951171875,82.74189758300781,0
2023-02-09,82.65950012207031,82.65950012207031,82.6792984008789,82.4093017578125,82.65950012207031,0
2023-02-10,82.533203125,82.533203125,82.65730285644531,82.34100341796875,82.533203125,0
2023-02-13,82.51300048828125,82.51300048828125,82.7686996459961,82.49469757080078,82.51300048828125,0
2023-02-14,82.59739685058594,82.59739685058594,83.0165023803711,82.5719985961914,82.59739685058594,0
2023-02-15,82.86759948730469,82.86759948730469,82.98600006103516,82.7594985961914,82.86759948730469,0
2023-02-16,82.73770141601562,82.73770141601562,82.91230010986328,82.58799743652344,82.73770141601562,0
2023-02-17,82.69529724121094,82.69529724121094,82.8594970703125,82.69529724121094,82.69529724121094,0
2023-02-20,82.75800323486328,82.75800323486328,82.76529693603516,82.618896484375,82.75800323486328,0
2023-02-21,82.69750213623047,82.69750213623047,82.88990020751953,82.6729965209961,82.69750213623047,0
2023-02-22,82.86119842529297,82.86119842529297,82.99530029296875,82.77950286865234,82.86119842529297,0
2023-02-23,82.83529663085938,82.83529663085938,82.90299987792969,82.56300354003906,82.83529663085938,0
2023-02-24,82.6178970336914,82.6178970336914,83.00520324707031,82.6094970703125,82.6178970336914,0
2023-02-27,82.91799926757812,82.91799926757812,83.0802993774414,82.62799835205078,82.91799926757812,0
2023-02-28,82.6520004272461,82.6520004272461,82.75050354003906,82.55999755859375,82.6520004272461,0
2023-03-01,82.6353988647461,82.6353988647461,82.87830352783203,82.37799835205078,82.6353988647461,0
2023-03-02,82.4198989868164,82.4198989868164,82.65779876708984,82.3021011352539,82.4198989868164,0
2023-03-03,82.35569763183594,82.35569763183594,82.581298828125,81.70390319824219,82.35569763183594,0
2023-03-06,81.7125015258789,81.7125015258789,81.97029876708984,81.61900329589844,81.7125015258789,0
2023-03-07,81.85440063476562,81.85440063476562,82.02649688720703,81.73899841308594,81.85440063476562,0
2023-03-08,82.07460021972656,82.07460021972656,82.28130340576172,81.86710357666016,82.07460021972656,0
2023-03-09,81.9645004272461,81.9645004272461,82.0864028930664,81.78299713134766,81.9645004272461,0
2023-03-10,82.01840209960938,82.01840209960938,82.22779846191406,81.84239959716797,82.01840209960938,0
2023-03-13,81.95800018310547,81.95800018310547,82.30860137939453,81.6272964477539,81.95800018310547,0
2023-03-14,82.41739654541016,82.41739654541016,82.66950225830078,82.23249816894531,82.41739654541016,0
2023-03-15,82.30490112304688,82.30490112304688,83.01249694824219,82.18550109863281,82.30490112304688,0
2023-03-16,82.7156982421875,82.7156982421875,82.99199676513672,82.58670043945312,82.7156982421875,0
2023-03-17,82.622802734375,82.622802734375,82.8677978515625,82.42050170898438,82.622802734375,0
2023-03-20,82.53299713134766,82.53299713134766,82.72429656982422,82.43900299072266,82.53299713134766,0
2023-03-21,82.52909851074219,82.52909851074219,82.76429748535156,82.4905014038086,82.52909851074219,0
2023-03-22,82.677001953125,82.677001953125,82.8823013305664,82.53299713134766,82.677001953125,0
2023-03-23,82.52580261230469,82.52580261230469,82.529296875,82.0470962524414,82.52580261230469,0
2023-03-24,82.26529693603516,82.26529693603516,82.51300048828125,82.18099975585938,82.26529693603516,0
2023-03-27,82.33879852294922,82.33879852294922,82.42829895019531,82.2406005859375,82.33879852294922,0
2023-03-28,82.21489715576172,82.21489715576172,82.37329864501953,82.07949829101562,82.21489715576172,0
2023-03-29,82.16429901123047,82.16429901123047,82.36499786376953,82.14600372314453,82.16429901123047,0
2023-03-30,82.25540161132812,82.25540161132812,82.27909851074219,82.03199768066406,82.25540161132812,0
2023-03-31,82.10050201416016,82.10050201416016,82.31189727783203,82.02950286865234,82.10050201416016,0
2023-04-03,82.18479919433594,82.18479919433594,82.4854965209961,82.18489837646484,82.18479919433594,0
2023-04-04,82.14089965820312,82.14089965820312,82.27890014648438,82.08149719238281,82.14089965820312,0
2023-04-05,82.11479949951172,82.11479949951172,82.24330139160156,81.83599853515625,82.11479949951172,0
2023-04-06,81.94999694824219,81.94999694824219,82.12030029296875,81.81220245361328,81.94999694824219,0
2023-04-07,81.831298828125,81.831298828125,81.87860107421875,81.76499938964844,81.831298828125,0
2023-04-10,81.88480377197266,81.88480377197266,82.03790283203125,81.76100158691406,81.88480377197266,0
2023-04-11,81.98390197753906,81.98390197753906,82.1458969116211,81.91600036621094,81.98390197753906,0
2023-04-12,82.07009887695312,82.07009887695312,82.12560272216797,81.93949890136719,82.07009887695312,0
2023-04-13,81.96060180664062,81.96060180664062,82.09500122070312,81.63089752197266,81.96060180664062,0
2023-04-14,81.68070220947266,81.68070220947266,81.94090270996094,81.47149658203125,81.68070220947266,0
2023-04-17,81.84480285644531,81.84480285644531,82.08480072021484,81.84480285644531,81.84480285644531,0
2023-04-18,82.00370025634766,82.00370025634766,82.09709930419922,81.94149780273438,82.00370025634766,0
2023-04-19,82.10790252685547,82.10790252685547,82.27649688720703,82.04049682617188,82.10790252685547,0
2023-04-20,82.34010314941406,82.34010314941406,82.37550354003906,82.04889678955078,82.34010314941406,0
2023-04-21,82.14089965820312,82.14089965820312,82.28980255126953,82.00150299072266,82.14089965820312,0
2023-04-24,82.05480194091797,82.05480194091797,82.15489959716797,81.86000061035156,82.05480194091797,0
2023-04-25,81.85230255126953,81.85230255126953,82.018798828125,81.85130310058594,81.85230255126953,0
2023-04-26,81.9916000366211,81.9916000366211,82.09200286865234,81.68150329589844,81.9916000366211,0
2023-04-27,81.76689910888672,81.76689910888672,81.85099792480469,81.60399627685547,81.76689910888672,0
2023-04-28,81.76509857177734,81.76509857177734,81.86109924316406,81.69100189208984,81.76509857177734,0
2023-05-01,81.74479675292969,81.74479675292969,81.92400360107422,81.70580291748047,81.74479675292969,0
2023-05-02,81.77469635009766,81.77469635009766,81.95099639892578,81.71890258789062,81.77469635009766,0
2023-05-03,81.77870178222656,81.77870178222656,81.89430236816406,81.71150207519531,81.77870178222656,0
2023-05-04,81.77999877929688,81.77999877929688,81.88379669189453,81.61699676513672,81.77999877929688,0
2023-05-05,81.71610260009766,81.71610260009766,81.81719970703125,81.64550018310547,81.71610260009766,0
2023-05-08,81.72979736328125,81.72979736328125,81.82530212402344,81.67340087890625,81.72979736328125,0
2023-05-09,81.78710174560547,81.78710174560547,82.14849853515625,81.7750015258789,81.78710174560547,0
2023-05-10,82.1050033569336,82.1050033569336,82.21279907226562,81.86599731445312,82.1050033569336,0
2023-05-11,81.9198989868164,81.9198989868164,82.17859649658203,81.78150177001953,81.9198989868164,0
2023-05-12,82.10030364990234,82.10030364990234,82.22560119628906,82.06500244140625,82.10030364990234,0
2023-05-15,82.20030212402344,82.20030212402344,82.37359619140625,82.18399810791016,82.20030212402344,0
2023-05-16,82.2667007446289,82.2667007446289,82.31449890136719,82.15799713134766,82.2667007446289,0
2023-05-17,82.2959976196289,82.2959976196289,82.44830322265625,82.25,82.2959976196289,0
2023-05-18,82.45030212402344,82.45030212402344,82.79149627685547,82.34249877929688,82.45030212402344,0
2023-05-19,82.72509765625,82.72509765625,82.94940185546875,82.63700103759766,82.72509765625,0
2023-05-22,82.90480041503906,82.90480041503906,82.90509796142578,82.7300033569336,82.90480041503906,0
2023-05-23,82.82499694824219,82.82499694824219,82.8772964477539,82.75700378417969,82.82499694824219,0
2023-05-24,82.8906021118164,82.8906021118164,82.94100189208984,82.57479858398438,82.8906021118164,0
2023-05-25,82.71369934082031,82.71369934082031,82.80970001220703,82.6405029296875,82.71369934082031,0
2023-05-26,82.74210357666016,82.74210357666016,82.80999755859375,82.53369903564453,82.74210357666016,0
2023-05-29,82.57479858398438,82.57479858398438,82.73770141601562,82.50879669189453,82.57479858398438,0
2023-05-30,82.57969665527344,82.57969665527344,82.78450012207031,82.52999877929688,82.57969665527344,0
2023-05-31,82.68389892578125,82.68389892578125,82.75260162353516,82.62010192871094,82.68389892578125,0
2023-06-01,82.66680145263672,82.66680145263672,82.71199798583984,82.31449890136719,82.66680145263672,0
2023-06-02,82.27670288085938,82.27670288085938,82.43180084228516,82.2344970703125,82.27670288085938,0
2023-06-05,82.40979766845703,82.40979766845703,82.68450164794922,82.38099670410156,82.40979766845703,0
2023-06-06,82.51119995117188,82.51119995117188,82.64800262451172,82.47650146484375,82.51119995117188,0
2023-06-07,82.51719665527344,82.51719665527344,82.62239837646484,82.46700286865234,82.51719665527344,0
2023-06-08,82.61810302734375,82.61810302734375,82.64679718017578,82.46900177001953,82.61810302734375,0
2023-06-09,82.48829650878906,82.48829650878906,82.52079772949219,82.41300201416016,82.48829650878906,0
2023-06-12,82.4448013305664,82.4448013305664,82.5552978515625,82.3853988647461,82.4448013305664,0
2023-06-13,82.33719635009766,82.33719635009766,82.49030303955078,82.1520004272461,82.33719635009766,0
2023-06-14,82.29039764404297,82.29039764404297,82.32499694824219,81.93099975585938,82.29039764404297,0
2023-06-15,82.04499816894531,82.04499816894531,82.26319885253906,81.93599700927734,82.04499816894531,0
2023-06-16,81.9126968383789,81.9126968383789,82.01589965820312,81.85130310058594,81.9126968383789,0
2023-06-19,81.91480255126953,81.91480255126953,82.00199890136719,81.89299774169922,81.91480255126953,0
2023-06-20,81.98139953613281,81.98139953613281,82.16480255126953,81.91529846191406,81.98139953613281,0
2023-06-21,81.9917984008789,81.9917984008789,82.1272964477539,81.9469985961914,81.9917984008789,0
2023-06-22,81.94149780273438,81.94149780273438,82.08380126953125,81.88739776611328,81.94149780273438,0
2023-06-23,81.91929626464844,81.91929626464844,82.07849884033203,81.92489624023438,81.91929626464844,0
2023-06-26,81.98480224609375,81.98480224609375,82.072998046875,81.94309997558594,81.98480224609375,0
2023-06-27,82.00650024414062,82.00650024414062,82.04219818115234,81.94300079345703,82.00650024414062,0
2023-06-28,81.99839782714844,81.99839782714844,82.08550262451172,81.96109771728516,81.99839782714844,0
2023-06-29,82.02649688720703,82.02649688720703,82.2125015258789,81.99700164794922,82.02649688720703,0
2023-06-30,82.07540130615234,82.07540130615234,82.19629669189453,82.00810241699219,82.07540130615234,0
2023-07-03,82.09629821777344,82.09629821777344,82.11239624023438,81.76619720458984,82.09629821777344,0
2023-07-04,81.95010375976562,81.95010375976562,82.02559661865234,81.86669921875,81.95010375976562,0
2023-07-05,82.0071029663086,82.0071029663086,82.34819793701172,81.97810363769531,82.0071029663086,0
2023-07-06,82.39409637451172,82.39409637451172,82.82379913330078,82.28350067138672,82.39409637451172,0
2023-07-07,82.76840209960938,82.76840209960938,82.76830291748047,82.53399658203125,82.76840209960938,0
2023-07-10,82.61530303955078,82.61530303955078,82.71530151367188,82.55049896240234,82.61530303955078,0
2023-07-11,82.52529907226562,82.52529907226562,82.63330078125,81.26689910888672,82.52529907226562,0
2023-07-12,82.39990234375,82.39990234375,82.46399688720703,81.97219848632812,82.39990234375,0
2023-07-13,82.00180053710938,82.00180053710938,82.14129638671875,81.95349884033203,82.00180053710938,0
2023-07-14,82.03079986572266,82.03079986572266,82.19259643554688,81.9280014038086,82.03079986572266,0
2023-07-17,82.07679748535156,82.07679748535156,82.19760131835938,81.99810028076172,82.07679748535156,0
2023-07-18,82.06159973144531,82.06159973144531,82.09120178222656,81.96399688720703,82.06159973144531,0
2023-07-19,82.07540130615234,82.07540130615234,82.14710235595703,82.027099609375,82.07540130615234,0
2023-07-20,82.06169891357422,82.06169891357422,82.07879638671875,81.91410064697266,82.06169891357422,0
2023-07-21,82.0823974609375,82.0823974609375,82.09929656982422,81.93599700927734,82.0823974609375,0
2023-07-24,81.99030303955078,81.99030303955078,82.04090118408203,81.79399871826172,81.99030303955078,0
2023-07-25,81.81420135498047,81.81420135498047,81.90769958496094,81.66300201416016,81.81420135498047,0
2023-07-26,81.95010375976562,81.95010375976562,82.07039642333984,81.83000183105469,81.95010375976562,0
2023-07-27,81.97550201416016,81.97550201416016,82.23090362548828,81.88300323486328,81.97550201416016,0
2023-07-28,82.3749008178711,82.3749008178711,82.3750991821289,82.15399932861328,82.3749008178711,0
2023-07-31,82.25279998779297,82.25279998779297,82.36599731445312,82.11799621582031,82.25279998779297,0
2023-08-01,82.2332992553711,82.2332992553711,82.34539794921875,82.22200012207031,82.2332992553711,0
2023-08-02,82.30729675292969,82.30729675292969,82.8093032836914,82.29000091552734,82.30729675292969,0
2023-08-03,82.7332992553711,82.7332992553711,82.85569763183594,82.66300201416016,82.7332992553711,0
2023-08-04,82.7843017578125,82.7843017578125,82.88899993896484,82.67050170898438,82.7843017578125,0
2023-08-07,82.69529724121094,82.69529724121094,82.82479858398438,82.65709686279297,82.69529724121094,0
2023-08-08,82.74829864501953,82.74829864501953,82.98429870605469,82.71829986572266,82.74829864501953,0
2023-08-09,82.84500122070312,82.84500122070312,83.1063003540039,82.78610229492188,82.84500122070312,0
2023-08-10,82.86630249023438,82.86630249023438,82.86730194091797,82.58409881591797,82.86630249023438,0
2023-08-11,82.79989624023438,82.79989624023438,82.99150085449219,82.7229995727539,82.79989624023438,0
2023-08-14,82.89730072021484,82.89730072021484,83.28849792480469,82.87149810791016,82.89730072021484,0
2023-08-15,83.2333984375,83.2333984375,83.49230194091797,83.15399932861328,83.2333984375,0
2023-08-16,83.19419860839844,83.19419860839844,84.9292984008789,83.09100341796875,83.19419860839844,0
2023-08-17,83.23699951171875,83.23699951171875,83.25019836425781,82.97650146484375,83.23699951171875,0
2023-08-18,83.09829711914062,83.09829711914062,83.214599609375,82.95449829101562,83.09829711914062,0
2023-08-21,83.16729736328125,83.16729736328125,83.20379638671875,83.05000305175781,83.16729736328125,0
2023-08-22,83.1135025024414,83.1135025024414,83.14129638671875,82.91300201416016,83.1135025024414,0
2023-08-23,83.07330322265625,83.07330322265625,83.08529663085938,82.46499633789062,83.07330322265625,0
2023-08-24,82.5447006225586,82.5447006225586,82.6427993774414,82.35399627685547,82.5447006225586,0
2023-08-25,82.64140319824219,82.64140319824219,82.71530151367188,82.55259704589844,82.64140319824219,0
2023-08-28,82.66429901123047,82.66429901123047,82.66459655761719,82.45760345458984,82.66429901123047,0
2023-08-29,82.69149780273438,82.69149780273438,82.87999725341797,82.56800079345703,82.69149780273438,0
2023-08-30,82.49469757080078,82.49469757080078,82.79930114746094,82.48829650878906,82.49469757080078,0
2023-08-31,82.70040130615234,82.70040130615234,82.78559875488281,82.57099914550781,82.70040130615234,0
2023-09-01,82.68240356445312,82.68240356445312,82.768798828125,82.54239654541016,82.68240356445312,0
2023-09-04,82.6969985961914,82.6969985961914,82.78119659423828,82.5905990600586,82.6969985961914,0
2023-09-05,82.7345962524414,82.7345962524414,83.07710266113281,82.70649719238281,82.7345962524414,0
2023-09-06,83.08609771728516,83.08609771728516,83.23979949951172,82.91519927978516,83.08609771728516,0
2023-09-07,83.25740051269531,83.25740051269531,83.30899810791016,83.06600189208984,83.25740051269531,0
2023-09-08,83.24150085449219,83.24150085449219,83.26000213623047,82.91649627685547,83.24150085449219,0
2023-09-11,83.03130340576172,83.03130340576172,83.05220031738281,82.82420349121094,83.03130340576172,0
2023-09-12,82.94329833984375,82.94329833984375,83.0082015991211,82.86799621582031,82.94329833984375,0
2023-09-13,82.84300231933594,82.84300231933594,83.03119659423828,82.82499694824219,82.84300231933594,0
2023-09-14,82.93679809570312,82.93679809570312,83.10369873046875,82.91850280761719,82.93679809570312,0
2023-09-15,83.0282974243164,83.0282974243164,83.18070220947266,83.00309753417969,83.0282974243164,0
2023-09-18,83.08580017089844,83.08580017089844,83.34760284423828,83.04949951171875,83.08580017089844,0
2023-09-19,83.25489807128906,83.25489807128906,83.33409881591797,83.14230346679688,83.25489807128906,0
2023-09-20,83.19499969482422,83.19499969482422,83.28900146484375,82.9280014038086,83.19499969482422,0
2023-09-21,83.08699798583984,83.08699798583984,83.20010375976562,82.99600219726562,83.08699798583984,0
2023-09-22,82.89129638671875,82.89129638671875,83.00039672851562,82.73300170898438,82.89129638671875,0
2023-09-25,82.97480010986328,82.97480010986328,83.17040252685547,82.89569854736328,82.97480010986328,0
2023-09-26,83.0282974243164,83.0282974243164,83.4021987915039,83.0353012084961,83.0282974243164,0
2023-09-27,83.29869842529297,83.29869842529297,83.31629943847656,83.1593017578125,83.29869842529297,0
2023-09-28,83.22270202636719,83.22270202636719,83.34480285644531,83.09850311279297,83.22270202636719,0
2023-09-29,83.19300079345703,83.19300079345703,83.22650146484375,83.00330352783203,83.19300079345703,0
2023-10-02,83.03479766845703,83.03479766845703,83.28790283203125,82.91519927978516,83.03479766845703,0
2023-10-03,83.3593978881836,83.3593978881836,83.36090087890625,83.1343002319336,83.3593978881836,0
2023-10-04,83.22979736328125,83.22979736328125,83.3302001953125,83.18229675292969,83.22979736328125,0
2023-10-05,83.44979858398438,83.44979858398438,84.6969985961914,83.18489837646484,83.44979858398438,0
2023-10-06,83.22489929199219,83.22489929199219,83.34130096435547,83.08439636230469,83.22489929199219,0
2023-10-09,83.12460327148438,83.12460327148438,83.33519744873047,83.07929992675781,83.12460327148438,0
2023-10-10,83.27030181884766,83.27030181884766,83.27030181884766,83.15599822998047,83.27030181884766,0
2023-10-11,83.25029754638672,83.25029754638672,83.32230377197266,83.11000061035156,83.25029754638672,0
2023-10-12,83.21800231933594,83.21800231933594,83.29989624023438,83.01920318603516,83.21800231933594,0
2023-10-13,83.26239776611328,83.26239776611328,83.29660034179688,83.07890319824219,83.26239776611328,0
2023-10-16,83.28230285644531,83.28230285644531,83.28250122070312,83.097900390625,83.28230285644531,0
2023-10-17,83.19950103759766,83.19950103759766,83.28109741210938,81.51699829101562,83.19950103759766,0
2023-10-18,83.26429748535156,83.26429748535156,83.30269622802734,83.19219970703125,83.26429748535156,0
2023-10-19,83.26860046386719,83.26860046386719,83.2927017211914,82.71900177001953,83.26860046386719,0
2023-10-20,83.12229919433594,83.12229919433594,83.19619750976562,83.01899719238281,83.12229919433594,0
2023-10-23,83.15979766845703,83.15979766845703,83.19039916992188,83.04049682617188,83.15979766845703,0
2023-10-24,83.02940368652344,83.02940368652344,83.09429931640625,82.9478988647461,83.02940368652344,0
2023-10-25,82.98780059814453,82.98780059814453,83.18730163574219,81.20500183105469,82.98780059814453,0
2023-10-26,83.1709976196289,83.1709976196289,83.27169799804688,83.14179992675781,83.1709976196289,0
2023-10-27,83.28250122070312,83.28250122070312,83.28939819335938,83.1416015625,83.28250122070312,0
2023-10-30,83.41339874267578,83.41339874267578,83.41339874267578,83.2239990234375,83.41339874267578,0
2023-10-31,83.29650115966797,83.29650115966797,83.33100128173828,83.2249984741211,83.29650115966797,0
2023-11-01,83.2771987915039,83.2771987915039,83.34929656982422,83.1978988647461,83.2771987915039,0
2023-11-02,85.19400024414062,85.19400024414062,83.32589721679688,83.17050170898438,85.19400024414062,0
2023-11-03,83.24729919433594,83.24729919433594,83.3280029296875,83.14540100097656,83.24729919433594,0
2023-11-06,83.15850067138672,83.15850067138672,83.25969696044922,82.97660064697266,83.15850067138672,0
2023-11-07,83.2228012084961,83.2228012084961,83.28089904785156,83.14450073242188,83.2228012084961,0
2023-11-08,83.23269653320312,83.23269653320312,83.31529998779297,83.1843032836914,83.23269653320312,0
2023-11-09,83.21769714355469,83.21769714355469,83.30909729003906,83.21869659423828,83.21769714355469,0
2023-11-10,83.31939697265625,83.31939697265625,83.52580261230469,83.23169708251953,83.31939697265625,0
2023-11-13,83.29889678955078,83.29889678955078,83.39910125732422,83.21820068359375,83.29889678955078,0
2023-11-14,83.19760131835938,83.19760131835938,83.33300018310547,82.90899658203125,83.19760131835938,0
2023-11-15,82.98159790039062,82.98159790039062,83.20590209960938,82.9219970703125,82.98159790039062,0
2023-11-16,83.18620300292969,83.18620300292969,83.26439666748047,82.99330139160156,83.18620300292969,0
2023-11-17,83.12030029296875,83.12030029296875,83.28369903564453,83.13639831542969,83.12030029296875,0
2023-11-20,83.29149627685547,83.29149627685547,83.41449737548828,83.20369720458984,83.29149627685547,0
2023-11-21,83.32219696044922,83.32219696044922,83.37079620361328,83.23699951171875,83.32219696044922,0
2023-11-22,83.345703125,83.345703125,83.34609985351562,83.25959777832031,83.345703125,0
2023-11-23,83.54830169677734,83.54830169677734,83.35379791259766,83.17829895019531,83.54830169677734,0
2023-11-24,83.34400177001953,83.34400177001953,83.4072036743164,83.29650115966797,83.34400177001953,0
2023-11-27,83.31449890136719,83.31449890136719,83.42859649658203,83.30850219726562,83.31449890136719,0
2023-11-28,83.364501953125,83.364501953125,83.42250061035156,83.30599975585938,83.364501953125,0
2023-11-29,83.41809844970703,83.41809844970703,83.41809844970703,83.25540161132812,83.41809844970703,0
2023-11-30,83.3302993774414,83.3302993774414,83.41130065917969,83.18699645996094,83.3302993774414,0
2023-12-01,83.35269927978516,83.35269927978516,83.36129760742188,83.2489013671875,83.35269927978516,0
2023-12-04,83.21859741210938,83.21859741210938,83.4541015625,83.19770050048828,83.21859741210938,0
2023-12-05,83.41709899902344,83.41709899902344,83.43160247802734,83.32879638671875,83.41709899902344,0
2023-12-06,83.31590270996094,83.31590270996094,83.37229919433594,83.28800201416016,83.31590270996094,0
2023-12-07,83.28959655761719,83.28959655761719,83.3917007446289,83.29280090332031,83.28959655761719,0
2023-12-08,83.35489654541016,83.35489654541016,83.4540023803711,81.0260009765625,83.35489654541016,0
2023-12-11,83.43009948730469,83.43009948730469,83.44100189208984,83.3572998046875,83.43009948730469,0
2023-12-12,83.34349822998047,83.34349822998047,83.42379760742188,83.33940124511719,83.34349822998047,0
2023-12-13,83.39600372314453,83.39600372314453,83.44259643554688,83.3468017578125,83.39600372314453,0
2023-12-14,83.2853012084961,83.2853012084961,83.36409759521484,83.24440002441406,83.2853012084961,0
2023-12-15,83.29660034179688,83.29660034179688,83.3302001953125,82.94219970703125,83.29660034179688,0
2023-12-18,83.04170227050781,83.04170227050781,83.15470123291016,82.9188003540039,83.04170227050781,0
2023-12-19,83.11119842529297,83.11119842529297,83.27420043945312,83.06500244140625,83.11119842529297,0
2023-12-20,83.09159851074219,83.09159851074219,83.22720336914062,83.03309631347656,83.09159851074219,0
2023-12-21,83.26719665527344,83.26719665527344,83.32969665527344,83.14199829101562,83.26719665527344,0
2023-12-22,83.13159942626953,83.13159942626953,83.27449798583984,83.04229736328125,83.13159942626953,0
2023-12-25,83.16500091552734,83.16500091552734,83.17230224609375,83.16500091552734,83.16500091552734,0
2023-12-26,83.17230224609375,83.17230224609375,83.2146987915039,83.10420227050781,83.17230224609375,0
2023-12-27,83.18280029296875,83.18280029296875,83.34919738769531,83.12120056152344,83.18280029296875,0
2023-12-28,83.26719665527344,83.26719665527344,83.33570098876953,83.1592025756836,83.26719665527344,0
2023-12-29,82.302001953125,82.302001953125,83.25299835205078,82.70240020751953,82.302001953125,0
2024-01-01,83.24859619140625,83.24859619140625,83.23799896240234,83.1500015258789,83.24859619140625,0
2024-01-02,83.20259857177734,83.20259857177734,83.34300231933594,83.1697998046875,83.20259857177734,0
2024-01-03,83.25700378417969,83.25700378417969,83.33370208740234,83.24620056152344,83.25700378417969,0
2024-01-04,83.31809997558594,83.31809997558594,83.36029815673828,83.20210266113281,83.31809997558594,0
2024-01-05,83.2406005859375,83.2406005859375,83.27159881591797,83.03500366210938,83.2406005859375,0
2024-01-08,83.19110107421875,83.19110107421875,83.189697265625,83.0282974243164,83.19110107421875,0
2024-01-09,83.05069732666016,83.05069732666016,83.1343994140625,83.02069854736328,83.05069732666016,0
2024-01-10,83.131103515625,83.131103515625,83.18219757080078,82.95480346679688,83.131103515625,0
2024-01-11,83.02559661865234,83.02559661865234,83.11000061035156,82.93329620361328,83.02559661865234,0
2024-01-12,83.07610321044922,83.07610321044922,83.09400177001953,82.77909851074219,83.07610321044922,0
2024-01-15,82.87210083007812,82.87210083007812,82.8949966430664,82.80999755859375,82.87210083007812,0
2024-01-16,82.8593978881836,82.8593978881836,83.1404037475586,82.82730102539062,82.8593978881836,0
2024-01-17,83.08899688720703,83.08899688720703,83.21399688720703,83.01750183105469,83.08899688720703,0
2024-01-18,83.17759704589844,83.17759704589844,83.1886978149414,83.0552978515625,83.17759704589844,0
2024-01-19,83.16059875488281,83.16059875488281,83.23079681396484,83.04199981689453,83.16059875488281,0
2024-01-22,83.12470245361328,83.12470245361328,83.18049621582031,83.0248031616211,83.12470245361328,0
2024-01-23,83.09510040283203,83.09510040283203,83.18099975585938,81.51370239257812,83.09510040283203,0
2024-01-24,83.22139739990234,83.22139739990234,83.22250366210938,83.07099914550781,83.22139739990234,0
2024-01-25,83.09760284423828,83.09760284423828,83.15039825439453,83.0780029296875,83.09760284423828,0
2024-01-26,83.14610290527344,83.14610290527344,83.18589782714844,83.0740966796875,83.14610290527344,0
2024-01-29,83.12129974365234,83.12129974365234,83.1613998413086,83.12210083007812,83.12129974365234,0
2024-01-30,83.1530990600586,83.1530990600586,83.21260070800781,83.09100341796875,83.1530990600586,0
2024-01-31,83.10970306396484,83.10970306396484,83.12560272216797,83.0009994506836,83.10970306396484,0
2024-02-01,83.05359649658203,83.05359649658203,83.0791015625,82.91190338134766,83.05359649658203,0
2024-02-02,82.92759704589844,82.92759704589844,83.03309631347656,82.81500244140625,82.92759704589844,0
2024-02-05,82.99929809570312,82.99929809570312,83.09100341796875,82.95469665527344,82.99929809570312,0
2024-02-06,83.10369873046875,83.10369873046875,83.06999969482422,82.9822998046875,83.10369873046875,0
2024-02-07,83.07060241699219,83.07060241699219,83.07769775390625,82.93599700927734,83.07060241699219,0
2024-02-08,83.01260375976562,83.01260375976562,83.0103988647461,82.89800262451172,83.01260375976562,0
2024-02-09,82.98529815673828,82.98529815673828,83.04759979248047,82.9209976196289,82.98529815673828,0
2024-02-12,83.0145034790039,83.0145034790039,83.1239013671875,82.88099670410156,83.0145034790039,0
2024-02-13,82.99019622802734,82.99019622802734,83.11139678955078,82.96170043945312,82.99019622802734,0
2024-02-14,83.07460021972656,83.07460021972656,83.11599731445312,83.01300048828125,83.07460021972656,0
2024-02-15,83.04309844970703,83.04309844970703,83.05069732666016,82.96279907226562,83.04309844970703,0
2024-02-16,83.00959777832031,83.00959777832031,83.05229949951172,82.9728012084961,83.00959777832031,0
2024-02-19,83.01599884033203,83.01599884033203,83.05159759521484,82.91210174560547,83.01599884033203,0
2024-02-20,83.02100372314453,83.02100372314453,83.03410339355469,82.8917007446289,83.02100372314453,0
2024-02-21,82.8291015625,82.8291015625,82.964599609375,82.81300354003906,82.8291015625,0
2024-02-22,82.93840026855469,82.93840026855469,82.98680114746094,82.81700134277344,82.93840026855469,0
2024-02-23,82.87229919433594,82.87229919433594,82.9457015991211,82.83499908447266,82.87229919433594,0
2024-02-26,82.88179779052734,82.88179779052734,82.94920349121094,82.84459686279297,82.88179779052734,0
2024-02-27,82.85199737548828,82.85199737548828,82.91690063476562,82.82599639892578,82.85199737548828,0
2024-02-28,82.94819641113281,82.94819641113281,83.00409698486328,82.86990356445312,82.94819641113281,0
2024-02-29,82.91190338134766,82.91190338134766,83.02200317382812,82.83999633789062,82.91190338134766,0
2024-03-01,82.910400390625,82.910400390625,82.92859649658203,82.84600067138672,82.910400390625,0
2024-03-04,82.84609985351562,82.84609985351562,82.9979019165039,82.81620025634766,82.84609985351562,0
2024-03-05,82.9104995727539,82.9104995727539,82.9926986694336,82.6980972290039,82.9104995727539,0
2024-03-06,82.88480377197266,82.88480377197266,82.91069793701172,82.79900360107422,82.88480377197266,0
2024-03-07,82.81909942626953,82.81909942626953,82.85810089111328,82.65899658203125,82.81909942626953,0
2024-03-08,82.7522964477539,82.7522964477539,82.7916030883789,82.66600036621094,82.7522964477539,0
2024-03-11,82.7520980834961,82.7520980834961,82.77100372314453,82.66000366210938,82.7520980834961,0
2024-03-12,82.7782974243164,82.7782974243164,82.84829711914062,82.7301025390625,82.7782974243164,0
2024-03-13,82.83509826660156,82.83509826660156,82.91310119628906,82.7583999633789,82.83509826660156,0
2024-03-14,82.83110046386719,82.83110046386719,82.95030212402344,82.80699920654297,82.83110046386719,0
2024-03-15,82.9655990600586,82.9655990600586,82.97540283203125,82.83399963378906,82.9655990600586,0
2024-03-18,82.88890075683594,82.88890075683594,82.9281005859375,82.83300018310547,82.88890075683594,0
2024-03-19,82.86360168457031,82.86360168457031,83.04570007324219,82.86399841308594,82.86360168457031,0
2024-03-20,83.04239654541016,83.04239654541016,83.220703125,82.96099853515625,83.04239654541016,0
2024-03-21,83.05460357666016,83.05460357666016,83.22160339355469,82.8936996459961,83.05460357666016,0
2024-03-22,83.22660064697266,83.22660064697266,83.7156982421875,83.18190002441406,83.22660064697266,0
2024-03-25,83.59359741210938,83.59359741210938,83.60070037841797,83.35230255126953,83.59359741210938,0
2024-03-26,83.41739654541016,83.41739654541016,83.49629974365234,83.26750183105469,83.41739654541016,0
2024-03-27,83.34549713134766,83.34549713134766,83.43589782714844,83.28970336914062,83.34549713134766,0
2024-03-28,83.36499786376953,83.36499786376953,83.41529846191406,83.30979919433594,83.36499786376953,0
2024-03-29,83.39299774169922,83.39299774169922,83.39959716796875,83.23259735107422,83.39299774169922,0
2024-04-01,83.36479949951172,83.36479949951172,83.41680145263672,83.23899841308594,83.36479949951172,0
2024-04-02,83.40969848632812,83.40969848632812,83.47440338134766,83.33399963378906,83.40969848632812,0
2024-04-03,83.35030364990234,83.35030364990234,83.5802993774414,83.33200073242188,83.35030364990234,0
2024-04-04,83.37329864501953,83.37329864501953,83.51349639892578,83.36000061035156,83.37329864501953,0
2024-04-05,83.47779846191406,83.47779846191406,83.4813003540039,83.2490005493164,83.47779846191406,0
2024-04-08,83.29679870605469,83.29679870605469,83.33609771728516,83.23269653320312,83.29679870605469,0
2024-04-09,83.26959991455078,83.26959991455078,83.33740234375,83.17330169677734,83.26959991455078,0
2024-04-10,83.22429656982422,83.22429656982422,83.40139770507812,83.15499877929688,83.22429656982422,0
2024-04-11,83.4126968383789,83.4126968383789,83.47309875488281,83.30239868164062,83.4126968383789,0
2024-04-12,83.34929656982422,83.34929656982422,83.61589813232422,83.25420379638672,83.34929656982422,0
2024-04-15,83.61109924316406,83.61109924316406,83.61150360107422,83.41739654541016,83.61109924316406,0
2024-04-16,83.50599670410156,83.50599670410156,83.6968002319336,83.21189880371094,83.50599670410156,0
2024-04-17,83.6675033569336,83.6675033569336,83.73500061035156,83.57740020751953,83.6675033569336,0
2024-04-18,83.5958023071289,83.5958023071289,83.61419677734375,83.48480224609375,83.5958023071289,0
2024-04-19,83.54499816894531,83.54499816894531,83.7396011352539,83.36499786376953,83.54499816894531,0
2024-04-22,83.38529968261719,83.38529968261719,83.44629669189453,83.32160186767578,83.38529968261719,0
2024-04-23,83.38619995117188,83.38619995117188,83.38999938964844,83.22810363769531,83.38619995117188,0
2024-04-24,83.2833023071289,83.2833023071289,83.34960174560547,83.25910186767578,83.2833023071289,0
2024-04-25,83.3405990600586,83.3405990600586,83.39600372314453,83.268798828125,83.3405990600586,0
2024-04-26,83.30180358886719,83.30180358886719,83.41529846191406,83.26499938964844,83.30180358886719,0
2024-04-29,83.40229797363281,83.40229797363281,83.57350158691406,83.29830169677734,83.40229797363281,0
2024-04-30,83.45110321044922,83.45110321044922,83.51969909667969,83.39800262451172,83.45110321044922,0
2024-05-01,83.49839782714844,83.49839782714844,83.57140350341797,83.26010131835938,83.49839782714844,0
2024-05-02,83.40640258789062,83.40640258789062,83.4885025024414,83.40640258789062,83.40640258789062,0
2024-05-03,83.40630340576172,83.40630340576172,83.46939849853516,83.30359649658203,83.40630340576172,0
2024-05-06,83.37999725341797,83.37999725341797,83.59940338134766,83.29910278320312,83.37999725341797,0
2024-05-07,83.4728012084961,83.4728012084961,83.51499938964844,83.42900085449219,83.4728012084961,0
2024-05-08,83.46990203857422,83.46990203857422,83.53589630126953,83.45500183105469,83.46990203857422,0
2024-05-09,83.46430206298828,83.46430206298828,83.51110076904297,83.43800354003906,83.46430206298828,0
2024-05-10,83.45939636230469,83.45939636230469,83.57389831542969,83.4489974975586,83.45939636230469,0
2024-05-13,83.5248031616211,83.5248031616211,83.60880279541016,83.48200225830078,83.5248031616211,0
2024-05-14,83.50550079345703,83.50550079345703,83.53150177001953,83.48100280761719,83.50550079345703,0
2024-05-15,83.52420043945312,83.52420043945312,83.59290313720703,83.42500305175781,83.52420043945312,0
2024-05-16,83.40509796142578,83.40509796142578,83.50589752197266,83.36499786376953,83.40509796142578,0
2024-05-17,83.47010040283203,83.47010040283203,83.50650024414062,83.28410339355469,83.47010040283203,0
2024-05-20,83.30039978027344,83.30039978027344,83.31659698486328,83.23049926757812,83.30039978027344,0
2024-05-21,83.31500244140625,83.31500244140625,83.35890197753906,83.23590087890625,83.31500244140625,0
2024-05-22,83.31680297851562,83.31680297851562,83.37950134277344,83.21399688720703,83.31680297851562,0
2024-05-23,83.26709747314453,83.26709747314453,83.30940246582031,83.19200134277344,83.26709747314453,0
2024-05-24,83.2863998413086,83.2863998413086,83.3738021850586,83.03140258789062,83.2863998413086,0
2024-05-27,83.05220031738281,83.05220031738281,83.19339752197266,83.03720092773438,83.05220031738281,0
2024-05-28,83.14569854736328,83.14569854736328,83.22730255126953,83.08799743652344,83.14569854736328,0
2024-05-29,83.20649719238281,83.20649719238281,83.40589904785156,83.14630126953125,83.20649719238281,0
2024-05-30,83.3656005859375,83.3656005859375,83.43499755859375,83.21630096435547,83.3656005859375,0
2024-05-31,83.3208999633789,83.3208999633789,83.49400329589844,83.21099853515625,83.3208999633789,0
2024-06-03,83.45079803466797,83.45079803466797,83.45110321044922,82.9801025390625,83.45079803466797,0
2024-06-04,83.09339904785156,83.09339904785156,83.67030334472656,83.08049774169922,83.09339904785156,0
2024-06-05,83.62940216064453,83.62940216064453,85.18599700927734,83.22119903564453,83.62940216064453,0
2024-06-06,83.38079833984375,83.38079833984375,83.52159881591797,83.34049987792969,83.38079833984375,0
2024-06-07,83.47309875488281,83.47309875488281,83.51139831542969,83.28600311279297,83.47309875488281,0
2024-06-10,83.52760314941406,83.52760314941406,83.5884017944336,83.4749984741211,83.52760314941406,0
2024-06-11,83.52980041503906,83.52980041503906,83.6854019165039,83.4729995727539,83.52980041503906,0
2024-06-12,83.5968017578125,83.5968017578125,83.60430145263672,83.43350219726562,83.5968017578125,0
2024-06-13,83.5343017578125,83.5343017578125,83.56159973144531,83.47799682617188,83.5343017578125,0
2024-06-14,83.52210235595703,83.52210235595703,83.57109832763672,83.51899719238281,83.52210235595703,0
2024-06-17,83.55180358886719,83.55180358886719,83.62969970703125,83.431396484375,83.55180358886719,0
2024-06-18,83.51010131835938,83.51010131835938,83.5426025390625,83.30000305175781,83.51010131835938,0
2024-06-19,83.37409973144531,83.37409973144531,83.47370147705078,83.33799743652344,83.37409973144531,0
2024-06-20,83.41950225830078,83.41950225830078,83.67160034179688,83.40769958496094,83.41950225830078,0
2024-06-21,83.60160064697266,83.60160064697266,83.6270980834961,83.49099731445312,83.60160064697266,0
2024-06-24,83.5625,83.5625,83.57369995117188,83.42179870605469,83.5625,0
2024-06-25,83.46040344238281,83.46040344238281,83.49929809570312,83.39790344238281,83.46040344238281,0
2024-06-26,83.41459655761719,83.41459655761719,83.61360168457031,83.4020004272461,83.41459655761719,0
2024-06-27,83.58039855957031,83.58039855957031,83.5886001586914,83.41799926757812,83.58039855957031,0
2024-06-28,83.45089721679688,83.45089721679688,83.5083999633789,83.32469940185547,83.45089721679688,0
2024-07-01,83.36750030517578,83.36750030517578,83.46620178222656,83.35679626464844,83.36750030517578,0
2024-07-02,83.44129943847656,83.44129943847656,83.55850219726562,83.42459869384766,83.44129943847656,0
2024-07-03,83.4791030883789,83.4791030883789,83.5530014038086,83.44409942626953,83.4791030883789,0
2024-07-04,83.49120330810547,83.49120330810547,83.55249786376953,83.46520233154297,83.49120330810547,0
2024-07-05,83.49340057373047,83.49340057373047,83.51570129394531,83.46299743652344,83.49340057373047,0
2024-07-08,83.47209930419922,83.47209930419922,83.50689697265625,83.43930053710938,83.47209930419922,0
2024-07-09,83.45760345458984,83.45760345458984,83.50980377197266,83.45099639892578,83.45760345458984,0
2024-07-10,83.49299621582031,83.49299621582031,83.52960205078125,83.47200012207031,83.49299621582031,0
2024-07-11,83.49590301513672,83.49590301513672,83.58799743652344,83.46600341796875,83.49590301513672,0
2024-07-12,83.51850128173828,83.51850128173828,83.55650329589844,83.46620178222656,83.51850128173828,0
2024-07-15,83.52030181884766,83.52030181884766,83.61689758300781,83.35890197753906,83.52030181884766,0
2024-07-16,83.58760070800781,83.58760070800781,83.60350036621094,83.53160095214844,83.58760070800781,0
2024-07-17,83.52960205078125,83.52960205078125,83.59329986572266,83.49400329589844,83.52960205078125,0
2024-07-18,83.57209777832031,83.57209777832031,83.66690063476562,83.54900360107422,83.57209777832031,0
2024-07-19,83.67430114746094,83.67430114746094,83.72669982910156,83.60040283203125,83.67430114746094,0
2024-07-22,83.73030090332031,83.73030090332031,83.74140167236328,83.64299774169922,83.73030090332031,0
2024-07-23,83.67130279541016,83.67130279541016,83.71810150146484,83.59929656982422,83.67130279541016,0
2024-07-24,83.70680236816406,83.70680236816406,83.72769927978516,83.63790130615234,83.70680236816406,0
2024-07-25,83.74299621582031,83.74299621582031,83.85880279541016,83.66110229492188,83.74299621582031,0
2024-07-26,83.73760223388672,83.73760223388672,83.75479888916016,83.65969848632812,83.73760223388672,0
2024-07-29,83.72779846191406,83.72779846191406,83.76470184326172,83.69409942626953,83.72779846191406,0
2024-07-30,83.75050354003906,83.75050354003906,83.7676010131836,83.6989974975586,83.75050354003906,0
2024-07-31,83.73899841308594,83.73899841308594,83.81230163574219,83.6593017578125,83.73899841308594,0
2024-08-01,83.7177963256836,83.7177963256836,83.75050354003906,83.65670013427734,83.7177963256836,0
2024-08-02,83.743896484375,83.743896484375,83.80599975585938,83.68789672851562,83.743896484375,0
2024-08-05,83.73529815673828,83.73529815673828,84.17030334472656,83.73529815673828,83.73529815673828,0
2024-08-06,84.00260162353516,84.00260162353516,84.09529876708984,83.83100128173828,84.00260162353516,0
2024-08-07,83.93489837646484,83.93489837646484,83.97530364990234,83.87000274658203,83.93489837646484,0
2024-08-08,83.94239807128906,83.94239807128906,84.00900268554688,83.78990173339844,83.94239807128906,0
2024-08-09,83.98899841308594,83.98899841308594,83.99310302734375,83.87999725341797,83.98899841308594,0
2024-08-12,83.94979858398438,83.94979858398438,83.9646987915039,83.82150268554688,83.94979858398438,0
2024-08-13,83.88999938964844,83.88999938964844,83.97000122070312,83.88700103759766,83.88999938964844,0
2024-08-14,83.88200378417969,83.88200378417969,83.97550201416016,83.88899993896484,83.88200378417969,0
2024-08-15,83.97149658203125,83.97149658203125,83.99310302734375,83.80419921875,83.97149658203125,0
2024-08-16,83.94830322265625,83.94830322265625,83.97039794921875,83.8550033569336,83.94830322265625,0
2024-08-19,83.88980102539062,83.88980102539062,83.9364013671875,83.7864990234375,83.88980102539062,0
2024-08-20,83.87860107421875,83.87860107421875,83.89399719238281,83.4093017578125,83.87860107421875,0
2024-08-21,83.77940368652344,83.77940368652344,83.9363021850586,83.71099853515625,83.77940368652344,0
2024-08-22,83.88860321044922,83.88860321044922,83.96990203857422,83.87539672851562,83.88860321044922,0
2024-08-23,83.94059753417969,83.94059753417969,83.94010162353516,83.79389953613281,83.94059753417969,0
2024-08-26,83.81379699707031,83.81379699707031,83.902099609375,83.66419982910156,83.81379699707031,0
2024-08-27,83.88369750976562,83.88369750976562,83.94869995117188,83.87580108642578,83.88369750976562,0
2024-08-28,83.92160034179688,83.92160034179688,83.97840118408203,83.90499877929688,83.92160034179688,0
2024-08-29,83.94149780273438,83.94149780273438,83.98100280761719,83.84729766845703,83.94149780273438,0
2024-08-30,83.89510345458984,83.89510345458984,83.89659881591797,83.80500030517578,83.89510345458984,0
2024-09-02,83.86380004882812,83.86380004882812,83.93599700927734,83.85299682617188,83.86380004882812,0
2024-09-03,83.92729949951172,83.92729949951172,83.98509979248047,83.9000015258789,83.92729949951172,0
2024-09-04,83.95030212402344,83.95030212402344,84.0176010131836,83.93699645996094,83.95030212402344,0
2024-09-05,83.98249816894531,83.98249816894531,83.99079895019531,83.95700073242188,83.98249816894531,0
2024-09-06,83.98359680175781,83.98359680175781,83.98770141601562,83.90609741210938,83.98359680175781,0
2024-09-09,83.98259735107422,83.98259735107422,83.98259735107422,83.92939758300781,83.98259735107422,0
2024-09-10,83.98090362548828,83.98090362548828,84.1946029663086,83.94499969482422,83.98090362548828,0
2024-09-11,83.98200225830078,83.98200225830078,84.12030029296875,83.92900085449219,83.98200225830078,0
2024-09-12,83.99259948730469,83.99259948730469,83.99359893798828,83.90299987792969,83.99259948730469,0
2024-09-13,83.93479919433594,83.93479919433594,84.02529907226562,83.8550033569336,83.93479919433594,0
2024-09-16,83.88480377197266,83.88480377197266,83.91490173339844,83.839599609375,83.88480377197266,0
2024-09-17,83.88400268554688,83.88400268554688,83.90760040283203,83.70490264892578,83.88400268554688,0
2024-09-18,83.77059936523438,83.77059936523438,83.8676986694336,83.6593017578125,83.77059936523438,0
2024-09-19,83.69170379638672,83.69170379638672,83.7645034790039,83.56500244140625,83.69170379638672,0
2024-09-20,83.61470031738281,83.61470031738281,83.62740325927734,83.47339630126953,83.61470031738281,0
2024-09-23,83.48709869384766,83.48709869384766,83.67379760742188,83.4634017944336,83.48709869384766,0
2024-09-24,83.55960083007812,83.55960083007812,83.77130126953125,83.5154037475586,83.55960083007812,0
2024-09-25,83.56759643554688,83.56759643554688,83.6364974975586,83.44010162353516,83.56759643554688,0
2024-09-26,83.62409973144531,83.62409973144531,83.71260070800781,83.57319641113281,83.62409973144531,0
2024-09-27,83.61710357666016,83.61710357666016,83.70800018310547,83.5635986328125,83.61710357666016,0
2024-09-30,83.71640014648438,83.71640014648438,83.90950012207031,83.6448974609375,83.71640014648438,0
2024-10-01,83.82730102539062,83.82730102539062,83.94960021972656,83.7603988647461,83.82730102539062,0
2024-10-02,83.87210083007812,83.87210083007812,84.0071029663086,83.85449981689453,83.87210083007812,0
2024-10-03,83.91960144042969,83.91960144042969,84.03209686279297,83.89299774169922,83.91960144042969,0
2024-10-04,84.0093994140625,84.0093994140625,84.04280090332031,83.94529724121094,84.0093994140625,0
2024-10-07,84.02780151367188,84.02780151367188,84.02780151367188,83.94999694824219,84.02780151367188,0
2024-10-08,83.96410369873047,83.96410369873047,84.1001968383789,83.91600036621094,83.96410369873047,0
2024-10-09,83.91459655761719,83.91459655761719,83.97769927978516,83.78099822998047,83.91459655761719,0
2024-10-10,83.94219970703125,83.94219970703125,83.98059844970703,83.92230224609375,83.94219970703125,0
2024-10-11,83.94599914550781,83.94599914550781,84.12449645996094,83.94149780273438,83.94599914550781,0
2024-10-14,84.16829681396484,84.16829681396484,84.16840362548828,83.97669982910156,84.16829681396484,0
2024-10-15,84.04850006103516,84.04850006103516,84.07279968261719,84.01809692382812,84.04850006103516,0
2024-10-16,84.05619812011719,84.05619812011719,84.09429931640625,83.98999786376953,84.05619812011719,0
2024-10-17,84.03929901123047,84.03929901123047,84.08789825439453,84.00299835205078,84.03929901123047,0
2024-10-18,84.05380249023438,84.05380249023438,84.07779693603516,84.01830291748047,84.05380249023438,0
2024-10-21,84.0687026977539,84.0687026977539,84.08679962158203,84.0385971069336,84.0687026977539,0
2024-10-22,84.07350158691406,84.07350158691406,84.177001953125,84.05979919433594,84.07350158691406,0
2024-10-23,84.08399963378906,84.08399963378906,84.11380004882812,84.05899810791016,84.08399963378906,0
2024-10-24,84.06759643554688,84.06759643554688,84.08200073242188,84.04769897460938,84.06759643554688,0
2024-10-25,84.08180236816406,84.08180236816406,84.09329986572266,84.05799865722656,84.08180236816406,0
2024-10-28,84.10199737548828,84.10199737548828,84.0968017578125,84.05799865722656,84.10199737548828,0
2024-10-29,84.10279846191406,84.10279846191406,84.10929870605469,84.0270004272461,84.10279846191406,0
2024-10-30,84.08930206298828,84.08930206298828,84.09439849853516,84.04499816894531,84.08930206298828,0
2024-10-31,84.08910369873047,84.08910369873047,84.1865005493164,84.0510025024414,84.08910369873047,0
2024-11-01,84.09149932861328,84.09149932861328,84.1093978881836,84.03399658203125,84.09149932861328,0
2024-11-04,84.13359832763672,84.13359832763672,84.18240356445312,84.0425033569336,84.13359832763672,0
2024-11-05,84.15249633789062,84.15249633789062,84.16639709472656,84.0916976928711,84.15249633789062,0
2024-11-06,84.11630249023438,84.11630249023438,84.34220123291016,84.00830078125,84.11630249023438,0
2024-11-07,84.2511978149414,84.2511978149414,84.38330078125,84.2239990234375,84.2511978149414,0
2024-11-08,84.306396484375,84.306396484375,84.43150329589844,84.30400085449219,84.306396484375,0
2024-11-11,84.38289642333984,84.38289642333984,84.42240142822266,84.36699676513672,84.38289642333984,0
2024-11-12,84.39649963378906,84.39649963378906,84.41590118408203,84.3604965209961,84.39649963378906,0
2024-11-13,84.39530181884766,84.39530181884766,84.49299621582031,84.35050201416016,84.39530181884766,0
2024-11-14,84.4229965209961,84.4229965209961,84.47820281982422,84.3936996459961,84.4229965209961,0
2024-11-15,84.47380065917969,84.47380065917969,84.55799865722656,84.40699768066406,84.47380065917969,0
2024-11-18,84.47750091552734,84.47750091552734,84.45179748535156,84.37629699707031,84.47750091552734,0
2024-11-19,84.39849853515625,84.39849853515625,84.43800354003906,84.35430145263672,84.39849853515625,0
2024-11-20,84.39759826660156,84.39759826660156,84.41310119628906,84.33979797363281,84.39759826660156,0
2024-11-21,84.38310241699219,84.38310241699219,84.52300262451172,84.385498046875,84.38310241699219,0
2024-11-22,84.48829650878906,84.48829650878906,84.51390075683594,84.4000015258789,84.48829650878906,0
2024-11-25,84.43599700927734,84.43599700927734,84.43820190429688,84.24099731445312,84.43599700927734,0
2024-11-26,84.37750244140625,84.37750244140625,84.42150115966797,84.2249984741211,84.37750244140625,0
2024-11-27,84.33910369873047,84.33910369873047,84.46949768066406,84.31880187988281,84.33910369873047,0
2024-11-28,84.42030334472656,84.42030334472656,84.51010131835938,84.3750991821289,84.42030334472656,0
2024-11-29,84.47160339355469,84.47160339355469,84.63980102539062,84.45320129394531,84.47160339355469,0
2024-12-02,84.55699920654297,84.55699920654297,84.74949645996094,84.56939697265625,84.55699920654297,0
2024-12-03,84.73709869384766,84.73709869384766,84.8406982421875,84.62570190429688,84.73709869384766,0
2024-12-04,84.68309783935547,84.68309783935547,84.77050018310547,84.64099884033203,84.68309783935547,0
2024-12-05,84.70700073242188,84.70700073242188,84.75060272216797,84.66500091552734,84.70700073242188,0
2024-12-06,84.68379974365234,84.68379974365234,84.71029663085938,84.44239807128906,84.68379974365234,0
2024-12-09,84.66600036621094,84.66600036621094,84.91429901123047,84.6729965209961,84.66600036621094,0
2024-12-10,84.84729766845703,84.84729766845703,84.91410064697266,84.76460266113281,84.84729766845703,0
2024-12-11,84.8740005493164,84.8740005493164,84.9093017578125,84.77549743652344,84.8740005493164,0
2024-12-12,84.85710144042969,84.85710144042969,85.05110168457031,84.82440185546875,84.85710144042969,0
2024-12-13,84.83920288085938,84.83920288085938,85.01509857177734,84.77100372314453,84.83920288085938,0
2024-12-16,84.802001953125,84.802001953125,84.92720031738281,84.76570129394531,84.802001953125,0
2024-12-17,84.91729736328125,84.91729736328125,85.13970184326172,84.69300079345703,84.91729736328125,0
2024-12-18,84.91539764404297,84.91539764404297,85.15599822998047,84.80500030517578,84.91539764404297,0
2024-12-19,85.16549682617188,85.16549682617188,85.33679962158203,84.99610137939453,85.16549682617188,0
2024-12-20,85.27940368652344,85.27940368652344,85.33930206298828,84.93479919433594,85.27940368652344,0
2024-12-23,84.94499969482422,84.94499969482422,85.13140106201172,84.93689727783203,84.94499969482422,0
2024-12-24,85.0988998413086,85.0988998413086,85.20970153808594,85.00499725341797,85.0988998413086,0
2024-12-25,85.18150329589844,85.18150329589844,85.54720306396484,82.74500274658203,85.18150329589844,0
2024-12-26,85.41339874267578,85.41339874267578,85.42030334472656,85.01000213623047,85.41339874267578,0
2024-12-27,85.26090240478516,85.26090240478516,85.81780242919922,81.50740051269531,85.26090240478516,0
